"id","username","email","employeeId","role"
"63bd4dc8e0698286015de2e2","vara","vara@gmail.com","000000","manager"
"63be7068170540b8e5457fc4","venkatesh","venkat@gmail.com","00000009","manager"
"63be72f3170540b8e5457ffc","lakshmi","lakshmi@gmail.com","909090","admin"
"63c513c2881bd49833201297","Doralin Bompas","dbompas1@nsw.gov.au","68-5663184","manager"
"63c513c2881bd49833201298","Laurie Sarch","lsarch2@cornell.edu","38-7142387","user"
"63c513c2881bd49833201299","Annmarie Bleaden","ableaden3@wordpress.org","84-4761192","user"
"63c513c2881bd4983320129a","Colman Christoffels","cchristoffels4@theglobeandmail.com","90-3272665","manager"
"63c513c2881bd4983320129c","Marja Whistance","mwhistance6@printfriendly.com","32-4629515","user"
"63c513c2881bd4983320129d","Koo Merryfield","kmerryfield7@cmu.edu","00-6805244","user"
"63c513c2881bd4983320129e","Anders Keatley","akeatley8@guardian.co.uk","20-3553566","user"
"63c513c2881bd4983320129f","Gaby Awin","gawin9@upenn.edu","17-9418806","manager"
"63c513c2881bd498332012a0","Maurise Bicksteth","mbickstetha@miitbeian.gov.cn","25-3948745","user"
"63c513c2881bd498332012a1","Leonard Jewis","ljewisb@gov.uk","42-3773424","user"
"63c513c2881bd498332012a2","Valida Surphliss","vsurphlissc@scribd.com","35-4892920","manager"
"63c513c2881bd498332012a3","Piper Tabbitt","ptabbittd@indiatimes.com","70-1865107","manager"
"63c513c2881bd498332012a4","Shoshanna Zanetto","szanettoe@slate.com","23-2022324","user"
"63c513c2881bd498332012a5","Clarence Poate","cpoatef@icio.us","84-3044455","user"
"63c513c2881bd498332012a6","Huntington Briddle","hbriddleg@upenn.edu","65-2560410","manager"
"63c513c2881bd498332012a7","Chloette Vinau","cvinauh@ihg.com","40-4560540","manager"
"63c513c2881bd498332012a8","Ali Southerell","asoutherelli@youtube.com","76-2516438","manager"
"63c513c2881bd498332012a9","Ludvig McLugish","lmclugishj@printfriendly.com","69-2573069","user"
"63c513c2881bd498332012aa","Jilleen Wimpress","jwimpressk@artisteer.com","43-4650986","manager"
"63c513c2881bd498332012ab","Rubie Bras","rbrasl@com.com","10-1645140","user"
"63c513c2881bd498332012ac","Joice O'Lennachain","jolennachainm@cnet.com","26-9697262","user"
"63c513c2881bd498332012ad","Earlie Greetham","egreethamn@wufoo.com","11-8682670","manager"
"63c513c2881bd498332012ae","Libbi Burd","lburdo@guardian.co.uk","95-2555185","manager"
"63c513c2881bd498332012af","Willy Creber","wcreberp@surveymonkey.com","50-5610012","manager"
"63c513c2881bd498332012b0","Rena Coogan","rcooganq@last.fm","57-1185315","manager"
"63c513c2881bd498332012b1","Jessee Benoit","jbenoitr@home.pl","84-5407425","user"
"63c513c2881bd498332012b2","Constance Romei","cromeis@marketwatch.com","40-5532660","user"
"63c513c2881bd498332012b3","Codi Gooly","cgoolyt@homestead.com","10-6500607","user"
"63c513c2881bd498332012b4","Christos Lamy","clamyu@ox.ac.uk","57-4439045","user"
"63c513c2881bd498332012b5","Shelton Ickovitz","sickovitzv@facebook.com","42-3356291","user"
"63c513c2881bd498332012b6","Dylan Bennedsen","dbennedsenw@cpanel.net","65-3206239","manager"
"63c513c2881bd498332012b7","Olly Darbyshire","odarbyshirex@dyndns.org","73-8371761","user"
"63c513c2881bd498332012b8","Matt Bagge","mbaggey@a8.net","66-4249407","user"
"63c513c2881bd498332012b9","Kali Aikman","kaikmanz@mapy.cz","72-0079779","manager"
"63c513c2881bd498332012ba","Gino Andreasen","gandreasen10@nih.gov","70-9766189","user"
"63c513c2881bd498332012bb","Izak Littlepage","ilittlepage11@phoca.cz","50-5070930","user"
"63c513c2881bd498332012bc","Matteo Jarnell","mjarnell12@google.co.uk","55-6065375","manager"
"63c513c2881bd498332012bd","Shurwood Ferriday","sferriday13@t.co","79-7829171","manager"
"63c513c2881bd498332012be","Olvan Eddison","oeddison14@homestead.com","71-5047957","user"
"63c513c2881bd498332012bf","Blakeley Haffard","bhaffard15@booking.com","92-7997276","user"
"63c513c2881bd498332012c0","Melodie Shreenan","mshreenan16@goo.ne.jp","44-2349270","user"
"63c513c2881bd498332012c1","Darline Bach","dbach17@bigcartel.com","69-6027971","manager"
"63c513c2881bd498332012c2","Earle De Cruze","ede18@imdb.com","25-3877002","user"
"63c513c2881bd498332012c3","Meir Leel","mleel19@mapquest.com","91-1574031","user"
"63c513c2881bd498332012c4","Stormie Nisby","snisby1a@squidoo.com","20-0928865","manager"
"63c513c2881bd498332012c5","Margie Scurrell","mscurrell1b@dyndns.org","75-1056024","manager"
"63c513c2881bd498332012c6","Katuscha Richardon","krichardon1c@blogger.com","19-7996885","manager"
"63c513c2881bd498332012c7","Grace Antonioni","gantonioni1d@com.com","51-2702057","user"
"63c513c2881bd498332012c8","Nicolas O'Neal","noneal1e@nhs.uk","42-0239163","user"
"63c513c2881bd498332012c9","Cecilia Mangin","cmangin1f@altervista.org","22-3169266","manager"
"63c513c2881bd498332012ca","Nanny Laughrey","nlaughrey1g@ucsd.edu","08-7093570","manager"
"63c513c2881bd498332012cb","Leoine Guyan","lguyan1h@usatoday.com","38-5562291","user"
"63c513c2881bd498332012cc","Mayor O'Dare","modare1i@sciencedirect.com","21-4288704","user"
"63c513c2881bd498332012cd","Gamaliel Lillecrop","glillecrop1j@alexa.com","62-1500935","manager"
"63c513c2881bd498332012ce","Merrile Corish","mcorish1k@twitter.com","05-9359007","manager"
"63c513c2881bd498332012cf","Micheline Adran","madran1l@hc360.com","95-7499584","user"
"63c513c2881bd498332012d0","Maddie Katz","mkatz1m@fema.gov","23-6944908","manager"
"63c513c2881bd498332012d1","Dylan Malt","dmalt1n@vimeo.com","71-1374455","user"
"63c513c2881bd498332012d2","Herc Aldrin","haldrin1o@hatena.ne.jp","71-9145279","manager"
"63c513c2881bd498332012d4","Vladamir Haggith","vhaggith1q@bbc.co.uk","71-3650903","user"
"63c513c2881bd498332012d5","Hanni Whales","hwhales1r@yahoo.com","61-3879827","user"
"63c513c2881bd498332012d6","Ekaterina Hagan","ehagan1s@is.gd","90-9057194","user"
"63c513c2881bd498332012d7","Jakob Bourton","jbourton1t@slate.com","31-4731605","manager"
"63c513c2881bd498332012d8","Nicola Farley","nfarley1u@mtv.com","17-7991278","user"
"63c513c2881bd498332012d9","Rogers Yurov","ryurov1v@mit.edu","54-7882395","manager"
"63c513c2881bd498332012da","Daisy Anstey","danstey1w@ning.com","10-6812139","manager"
"63c513c2881bd498332012db","Tansy Aynold","taynold1x@sitemeter.com","43-4383717","manager"
"63c513c2881bd498332012dc","Fremont Clyne","fclyne1y@nhs.uk","08-7582461","manager"
"63c513c2881bd498332012dd","Erik Scolts","escolts1z@shutterfly.com","69-2130929","user"
"63c513c2881bd498332012de","Sheba Tonry","stonry20@jigsy.com","58-2900617","user"
"63c513c2881bd498332012df","Erwin Gopsall","egopsall21@guardian.co.uk","22-1354223","user"
"63c513c2881bd498332012e0","Baily McKinlay","bmckinlay22@blogspot.com","60-3212501","manager"
"63c513c2881bd498332012e1","Valentine Eick","veick23@sphinn.com","30-6832502","user"
"63c513c2881bd498332012e2","Pierrette Didsbury","pdidsbury24@flavors.me","35-7858217","user"
"63c513c2881bd498332012e3","Dante Wildbore","dwildbore25@techcrunch.com","90-4367497","user"
"63c513c2881bd498332012e4","June Muncaster","jmuncaster26@youku.com","46-2342461","user"
"63c513c2881bd498332012e5","Audrie Stidever","astidever27@apache.org","21-4368019","user"
"63c513c2881bd498332012e6","Silva Kilfeather","skilfeather28@bing.com","77-9322163","user"
"63c513c2881bd498332012e7","Zara Firk","zfirk29@comsenz.com","51-3885114","user"
"63c513c2881bd498332012e9","Gussi Orniz","gorniz2b@tripod.com","48-5152938","manager"
"63c513c2881bd498332012ea","Cristie Wiggall","cwiggall2c@intel.com","84-4709084","manager"
"63c513c2881bd498332012eb","Percy Cockshutt","pcockshutt2d@ifeng.com","65-2082550","user"
"63c513c2881bd498332012ec","Kingsley Aspden","kaspden2e@weebly.com","05-7951708","user"
"63c513c2881bd498332012ed","Olin Kubicek","okubicek2f@rambler.ru","29-8945199","user"
"63c513c2881bd498332012ee","Isak Quernel","iquernel2g@digg.com","65-7338708","manager"
"63c513c2881bd498332012ef","Delila Illston","dillston2h@wikimedia.org","72-2580837","user"
"63c513c2881bd498332012f0","Anna Quinsee","aquinsee2i@xinhuanet.com","52-2753677","user"
"63c513c2881bd498332012f1","Giles Linnane","glinnane2j@narod.ru","40-8744694","user"
"63c513c2881bd498332012f2","Kip Sheringham","ksheringham2k@wiley.com","65-9386031","user"
"63c513c2881bd498332012f3","Myrwyn Unworth","munworth2l@cbc.ca","50-2271461","user"
"63c513c2881bd498332012f4","Elna Yushachkov","eyushachkov2m@microsoft.com","09-2667208","manager"
"63c513c2881bd498332012f5","Mariejeanne Billington","mbillington2n@canalblog.com","28-0717274","manager"
"63c513c2881bd498332012f6","Isaac Milillo","imilillo2o@yellowbook.com","30-0639555","user"
"63c513c2881bd498332012f7","Mayer Estabrook","mestabrook2p@creativecommons.org","51-3972636","user"
"63c513c2881bd498332012f8","Erik Brownlee","ebrownlee2q@istockphoto.com","85-7515178","manager"
"63c513c2881bd498332012f9","Nickolaus Calvard","ncalvard2r@archive.org","96-2497997","user"
"63c646502c2cb481053d9744","manager","manager@gmail.com","9090","manager"