"username","email","employeeId","role"
"vara","vara@gmail.com","000000","manager"
"venkatesh","venkat@gmail.com","00000009","manager"
"lakshmi","lakshmi@gmail.com","909090","admin"
"Laurie Sarch","lsarch2@cornell.edu","38-7142387","user"
"Annmarie Bleaden","ableaden3@wordpress.org","84-4761192","user"
"Colman Christoffels","cchristoffels4@theglobeandmail.com","90-3272665","manager"
"Marja Whistance","mwhistance6@printfriendly.com","32-4629515","user"
"Koo Merryfield","kmerryfield7@cmu.edu","00-6805244","user"
"Anders Keatley","akeatley8@guardian.co.uk","20-3553566","user"
"Gaby Awin","gawin9@upenn.edu","17-9418806","manager"
"Maurise Bicksteth","mbickstetha@miitbeian.gov.cn","25-3948745","user"
"Leonard Jewis","ljewisb@gov.uk","42-3773424","user"
"Valida Surphliss","vsurphlissc@scribd.com","35-4892920","manager"
"Piper Tabbitt","ptabbittd@indiatimes.com","70-1865107","manager"
"Shoshanna Zanetto","szanettoe@slate.com","23-2022324","user"
"Clarence Poate","cpoatef@icio.us","84-3044455","user"
"Huntington Briddle","hbriddleg@upenn.edu","65-2560410","manager"
"Chloette Vinau","cvinauh@ihg.com","40-4560540","manager"
"Ali Southerell","asoutherelli@youtube.com","76-2516438","manager"
"Ludvig McLugish","lmclugishj@printfriendly.com","69-2573069","user"
"Jilleen Wimpress","jwimpressk@artisteer.com","43-4650986","manager"
"Rubie Bras","rbrasl@com.com","10-1645140","user"
"Joice O'Lennachain","jolennachainm@cnet.com","26-9697262","user"
"Earlie Greetham","egreethamn@wufoo.com","11-8682670","manager"
"Libbi Burd","lburdo@guardian.co.uk","95-2555185","manager"
"Willy Creber","wcreberp@surveymonkey.com","50-5610012","manager"
"Rena Coogan","rcooganq@last.fm","57-1185315","manager"
"Jessee Benoit","jbenoitr@home.pl","84-5407425","user"
"Constance Romei","cromeis@marketwatch.com","40-5532660","user"
"Codi Gooly","cgoolyt@homestead.com","10-6500607","user"
"Christos Lamy","clamyu@ox.ac.uk","57-4439045","user"
"Shelton Ickovitz","sickovitzv@facebook.com","42-3356291","user"
"Dylan Bennedsen","dbennedsenw@cpanel.net","65-3206239","manager"
"Olly Darbyshire","odarbyshirex@dyndns.org","73-8371761","user"
"Matt Bagge","mbaggey@a8.net","66-4249407","user"
"Kali Aikman","kaikmanz@mapy.cz","72-0079779","manager"
"Gino Andreasen","gandreasen10@nih.gov","70-9766189","user"
"Izak Littlepage","ilittlepage11@phoca.cz","50-5070930","user"
"Matteo Jarnell","mjarnell12@google.co.uk","55-6065375","manager"
"Shurwood Ferriday","sferriday13@t.co","79-7829171","manager"
"Olvan Eddison","oeddison14@homestead.com","71-5047957","user"
"Blakeley Haffard","bhaffard15@booking.com","92-7997276","user"
"Melodie Shreenan","mshreenan16@goo.ne.jp","44-2349270","user"
"Darline Bach","dbach17@bigcartel.com","69-6027971","manager"
"Earle De Cruze","ede18@imdb.com","25-3877002","user"
"Meir Leel","mleel19@mapquest.com","91-1574031","user"
"Stormie Nisby","snisby1a@squidoo.com","20-0928865","manager"
"Margie Scurrell","mscurrell1b@dyndns.org","75-1056024","manager"
"Katuscha Richardon","krichardon1c@blogger.com","19-7996885","manager"
"Grace Antonioni","gantonioni1d@com.com","51-2702057","user"
"Nicolas O'Neal","noneal1e@nhs.uk","42-0239163","user"
"Cecilia Mangin","cmangin1f@altervista.org","22-3169266","manager"
"Nanny Laughrey","nlaughrey1g@ucsd.edu","08-7093570","manager"
"Leoine Guyan","lguyan1h@usatoday.com","38-5562291","user"
"Mayor O'Dare","modare1i@sciencedirect.com","21-4288704","user"
"Gamaliel Lillecrop","glillecrop1j@alexa.com","62-1500935","manager"
"Merrile Corish","mcorish1k@twitter.com","05-9359007","manager"
"Micheline Adran","madran1l@hc360.com","95-7499584","user"
"Maddie Katz","mkatz1m@fema.gov","23-6944908","manager"
"Dylan Malt","dmalt1n@vimeo.com","71-1374455","user"
"Herc Aldrin","haldrin1o@hatena.ne.jp","71-9145279","manager"
"Vladamir Haggith","vhaggith1q@bbc.co.uk","71-3650903","user"
"Hanni Whales","hwhales1r@yahoo.com","61-3879827","user"
"Ekaterina Hagan","ehagan1s@is.gd","90-9057194","user"
"Jakob Bourton","jbourton1t@slate.com","31-4731605","manager"
"Nicola Farley","nfarley1u@mtv.com","17-7991278","user"
"Rogers Yurov","ryurov1v@mit.edu","54-7882395","manager"
"Daisy Anstey","danstey1w@ning.com","10-6812139","manager"
"Tansy Aynold","taynold1x@sitemeter.com","43-4383717","manager"
"Fremont Clyne","fclyne1y@nhs.uk","08-7582461","manager"
"Erik Scolts","escolts1z@shutterfly.com","69-2130929","user"
"Sheba Tonry","stonry20@jigsy.com","58-2900617","user"
"Erwin Gopsall","egopsall21@guardian.co.uk","22-1354223","user"
"Baily McKinlay","bmckinlay22@blogspot.com","60-3212501","manager"
"Valentine Eick","veick23@sphinn.com","30-6832502","user"
"Pierrette Didsbury","pdidsbury24@flavors.me","35-7858217","user"
"Dante Wildbore","dwildbore25@techcrunch.com","90-4367497","user"
"June Muncaster","jmuncaster26@youku.com","46-2342461","user"
"Audrie Stidever","astidever27@apache.org","21-4368019","user"
"Silva Kilfeather","skilfeather28@bing.com","77-9322163","user"
"Zara Firk","zfirk29@comsenz.com","51-3885114","user"
"Gussi Orniz","gorniz2b@tripod.com","48-5152938","manager"
"Cristie Wiggall","cwiggall2c@intel.com","84-4709084","manager"
"Percy Cockshutt","pcockshutt2d@ifeng.com","65-2082550","user"
"Kingsley Aspden","kaspden2e@weebly.com","05-7951708","user"
"Olin Kubicek","okubicek2f@rambler.ru","29-8945199","user"
"Isak Quernel","iquernel2g@digg.com","65-7338708","manager"
"Delila Illston","dillston2h@wikimedia.org","72-2580837","user"
"Anna Quinsee","aquinsee2i@xinhuanet.com","52-2753677","user"
"Giles Linnane","glinnane2j@narod.ru","40-8744694","user"
"Kip Sheringham","ksheringham2k@wiley.com","65-9386031","user"
"Myrwyn Unworth","munworth2l@cbc.ca","50-2271461","user"
"Elna Yushachkov","eyushachkov2m@microsoft.com","09-2667208","manager"
"Mariejeanne Billington","mbillington2n@canalblog.com","28-0717274","manager"
"Isaac Milillo","imilillo2o@yellowbook.com","30-0639555","user"
"Mayer Estabrook","mestabrook2p@creativecommons.org","51-3972636","user"
"Erik Brownlee","ebrownlee2q@istockphoto.com","85-7515178","manager"
"Nickolaus Calvard","ncalvard2r@archive.org","96-2497997","user"
"manager","manager@gmail.com","9090","manager"
"manoj","manoj@gmail.com","8989889","manager"